day,mean,sd,replicates
0,14806.3419990657,832.722802291311,20
1,34160.6905722393,1543.62410678138,20
2,62176.6657020927,2078.78642811731,20
3,104999.134500005,2728.36953350354,20
4,167669.36988238,2193.17562855397,20
5,264987.118830307,2186.6845795298,20
